backbone,seq_id,status,mean_plddt,ptm,sc_rmsd,ca_ca_dist,ca_ca_dev,sg_sg_dist,sg_sg_dev,ca_within_tol_strict,ca_within_tol_loose,sg_within_tol,sc_pass
design_0,design_0_seq1,OK,69.05,0.61,2.332,6.665,0.71,2.531,0.521,False,True,True,False
design_0,design_0_seq2,OK,75.34,0.67,3.218,6.449,0.494,2.039,0.029,True,True,True,False
design_0,design_0_seq3,OK,76.88,0.69,1.426,6.462,0.507,1.637,0.372,False,True,True,True
design_0,design_0_seq4,OK,75.72,0.7,2.426,6.343,0.389,1.856,0.154,True,True,True,False
design_0,design_0_seq5,OK,70.3,0.64,5.919,6.744,0.79,2.841,0.832,False,True,False,False
design_0,design_0_seq6,OK,63.89,0.59,2.467,6.955,1.001,2.175,0.166,False,True,True,False
design_0,design_0_seq7,OK,77.54,0.73,2.46,6.094,0.14,3.293,1.284,True,True,False,False
design_0,design_0_seq8,OK,65.56,0.63,4.41,6.757,0.802,2.13,0.121,False,True,True,False
design_1,design_1_seq1,OK,79.73,0.61,3.352,5.265,0.69,1.333,0.676,False,True,True,False
design_1,design_1_seq2,OK,81.65,0.63,3.712,5.396,0.558,1.01,0.999,False,True,False,False
design_1,design_1_seq3,OK,77.17,0.58,5.225,5.469,0.486,2.002,0.007,True,True,True,False
design_1,design_1_seq4,OK,80.83,0.66,13.312,5.338,0.617,1.196,0.813,False,True,False,False
design_1,design_1_seq5,OK,79.28,0.59,6.587,5.67,0.285,1.699,0.31,True,True,True,False
design_1,design_1_seq6,OK,83.14,0.66,8.113,5.66,0.295,1.827,0.182,True,True,True,False
design_1,design_1_seq7,OK,81.16,0.61,8.156,5.377,0.577,2.52,0.511,False,True,True,False
design_1,design_1_seq8,OK,75.0,0.57,3.408,5.301,0.653,1.704,0.305,False,True,True,False
design_2,design_2_seq1,OK,79.22,0.65,2.195,5.563,0.391,1.839,0.171,True,True,True,False
design_2,design_2_seq2,OK,83.04,0.73,6.948,5.68,0.274,2.561,0.551,True,True,True,False
design_2,design_2_seq3,OK,68.43,0.62,7.897,5.522,0.432,2.244,0.234,True,True,True,False
design_2,design_2_seq4,OK,82.46,0.69,3.881,5.751,0.203,1.779,0.231,True,True,True,False
design_2,design_2_seq5,OK,84.95,0.72,1.036,5.655,0.3,1.707,0.303,True,True,True,True
design_2,design_2_seq6,OK,81.53,0.7,7.119,5.88,0.075,1.993,0.017,True,True,True,False
design_2,design_2_seq7,OK,78.21,0.65,7.271,5.738,0.217,1.753,0.257,True,True,True,False
design_2,design_2_seq8,OK,82.32,0.67,1.265,5.568,0.386,1.739,0.271,True,True,True,True
design_3,design_3_seq1,OK,87.2,0.79,2.223,5.19,0.765,2.542,0.533,False,True,True,False
design_3,design_3_seq2,OK,82.56,0.73,1.186,5.305,0.65,2.276,0.266,False,True,True,True
design_3,design_3_seq3,OK,81.8,0.79,2.36,5.169,0.786,2.495,0.485,False,True,True,False
design_3,design_3_seq4,OK,82.72,0.74,1.969,5.406,0.549,2.393,0.384,False,True,True,True
design_3,design_3_seq5,OK,81.49,0.77,1.122,5.367,0.588,2.411,0.401,False,True,True,True
design_3,design_3_seq6,OK,83.79,0.75,1.029,5.171,0.783,2.488,0.478,False,True,True,True
design_3,design_3_seq7,OK,85.34,0.79,1.086,5.295,0.66,2.31,0.301,False,True,True,True
design_3,design_3_seq8,OK,89.61,0.84,1.019,5.332,0.623,1.952,0.057,False,True,True,True
design_4,design_4_seq1,OK,54.33,0.52,5.19,5.143,0.811,3.971,1.961,False,True,False,False
design_4,design_4_seq2,OK,73.7,0.68,1.608,5.54,0.415,2.797,0.787,True,True,False,True
design_4,design_4_seq3,OK,40.3,0.28,13.601,9.009,3.054,4.262,2.253,False,False,False,False
design_4,design_4_seq4,OK,38.69,0.26,16.106,15.343,9.388,15.75,13.74,False,False,False,False
design_4,design_4_seq5,OK,51.98,0.48,5.064,6.751,0.797,2.429,0.42,False,True,True,False
design_4,design_4_seq6,OK,53.09,0.51,11.423,5.838,0.116,2.306,0.296,True,True,True,False
design_4,design_4_seq7,OK,44.61,0.41,9.693,18.28,12.326,17.076,15.066,False,False,False,False
design_4,design_4_seq8,OK,73.96,0.68,2.037,6.06,0.106,2.216,0.206,True,True,True,False
design_5,design_5_seq1,OK,70.37,0.56,2.044,7.227,1.272,3.051,1.041,False,True,False,False
design_5,design_5_seq2,OK,81.32,0.66,2.858,7.358,1.404,2.827,0.818,False,True,False,False
design_5,design_5_seq3,OK,44.58,0.33,14.226,8.719,2.765,7.208,5.198,False,False,False,False
design_5,design_5_seq4,OK,71.08,0.54,1.583,7.116,1.161,2.454,0.444,False,True,True,True
design_5,design_5_seq5,OK,70.91,0.55,3.23,8.751,2.796,4.212,2.202,False,False,False,False
design_5,design_5_seq6,OK,80.7,0.63,1.706,7.97,2.015,3.242,1.232,False,False,False,True
design_5,design_5_seq7,OK,85.85,0.74,1.14,6.809,0.855,2.165,0.155,False,True,True,True
design_5,design_5_seq8,OK,71.85,0.58,2.095,7.34,1.385,2.792,0.782,False,True,False,False
design_6,design_6_seq1,OK,63.19,0.53,7.441,5.588,0.367,3.555,1.545,True,True,False,False
design_6,design_6_seq2,OK,67.65,0.59,3.242,5.802,0.152,3.856,1.846,True,True,False,False
design_6,design_6_seq3,OK,70.65,0.58,8.152,7.836,1.882,7.61,5.6,False,False,False,False
design_6,design_6_seq4,OK,79.57,0.66,3.002,7.71,1.755,6.306,4.297,False,False,False,False
design_6,design_6_seq5,OK,52.5,0.41,14.746,6.527,0.573,2.902,0.893,False,True,False,False
design_6,design_6_seq6,OK,61.62,0.5,6.148,5.433,0.521,3.319,1.31,False,True,False,False
design_6,design_6_seq7,OK,58.07,0.45,3.731,5.154,0.8,3.058,1.048,False,True,False,False
design_6,design_6_seq8,OK,58.05,0.51,7.819,5.204,0.75,3.518,1.509,False,True,False,False
design_7,design_7_seq1,OK,85.42,0.73,1.174,5.889,0.065,2.378,0.369,True,True,True,True
design_7,design_7_seq2,OK,80.98,0.7,0.983,5.741,0.214,2.911,0.901,True,True,False,True
design_7,design_7_seq3,OK,77.05,0.69,1.755,6.058,0.103,2.557,0.548,True,True,True,True
design_7,design_7_seq4,OK,72.48,0.65,3.593,6.267,0.312,3.419,1.409,True,True,False,False
design_7,design_7_seq5,OK,78.13,0.68,1.544,5.837,0.117,2.426,0.416,True,True,True,True
design_7,design_7_seq6,OK,85.64,0.72,1.579,6.025,0.07,2.964,0.955,True,True,False,True
design_7,design_7_seq7,OK,78.0,0.67,1.924,6.061,0.107,2.761,0.751,True,True,False,True
design_7,design_7_seq8,OK,84.57,0.76,1.109,5.938,0.017,3.124,1.114,True,True,False,True
design_8,design_8_seq1,OK,47.96,0.36,7.576,6.378,0.424,1.888,0.121,True,True,True,False
design_8,design_8_seq2,OK,60.71,0.42,15.377,8.843,2.889,5.049,3.04,False,False,False,False
design_8,design_8_seq3,OK,65.2,0.47,13.752,8.721,2.766,5.016,3.006,False,False,False,False
design_8,design_8_seq4,OK,58.96,0.43,4.936,6.365,0.41,1.856,0.153,True,True,True,False
design_8,design_8_seq5,OK,50.45,0.37,6.703,6.765,0.81,2.432,0.423,False,True,True,False
design_8,design_8_seq6,OK,54.58,0.39,6.861,6.835,0.88,2.036,0.026,False,True,True,False
design_8,design_8_seq7,OK,52.0,0.4,8.588,7.1,1.145,2.533,0.524,False,True,True,False
design_8,design_8_seq8,OK,60.0,0.41,11.507,8.585,2.63,4.802,2.792,False,False,False,False
design_9,design_9_seq1,OK,66.94,0.61,3.646,6.632,0.678,3.503,1.494,False,True,False,False
design_9,design_9_seq2,OK,48.24,0.44,10.39,5.915,0.04,3.566,1.557,True,True,False,False
design_9,design_9_seq3,OK,78.67,0.71,1.683,5.884,0.071,3.507,1.497,True,True,False,True
design_9,design_9_seq4,OK,82.64,0.75,1.147,6.484,0.53,3.285,1.275,False,True,False,True
design_9,design_9_seq5,OK,57.75,0.49,3.735,8.086,2.131,6.671,4.661,False,False,False,False
design_9,design_9_seq6,OK,67.61,0.57,4.402,6.113,0.158,4.605,2.596,True,True,False,False
design_9,design_9_seq7,OK,56.67,0.52,10.871,6.458,0.503,1.503,0.506,False,True,True,False
design_9,design_9_seq8,OK,78.85,0.72,1.818,5.847,0.108,1.594,0.415,True,True,True,True
