backbone,seq_id,status,sc_rmsd_global,sc_rmsd_outlier_rejected,outlier_residues_retained,outlier_residues_total,max_motif_ca_dev,mean_plddt
design_0,design_0_seq1,OK,8.6784,1.2445,9,159,7.1749,58.7341
design_0,design_0_seq2,OK,4.6702,1.0191,12,159,7.4996,64.3688
design_0,design_0_seq3,OK,7.3553,0.9182,8,159,4.4526,52.8088
design_0,design_0_seq4,OK,3.9397,0.3527,21,159,8.7801,67.4864
design_0,design_0_seq5,OK,6.5523,0.7656,15,159,4.7079,76.0057
design_0,design_0_seq6,OK,8.2435,1.008,39,159,2.4711,63.5824
design_0,design_0_seq7,OK,6.2622,0.9742,76,159,4.9311,69.1534
design_0,design_0_seq8,OK,3.9091,1.1909,49,159,4.0645,62.4136
design_1,design_1_seq1,OK,17.5293,17.5293,151,151,8.2814,58.4708
design_1,design_1_seq2,OK,16.624,16.624,151,151,5.4171,40.9054
design_1,design_1_seq3,OK,15.5713,15.5713,151,151,4.3353,65.3305
design_1,design_1_seq4,OK,8.0171,0.2765,3,151,4.1984,64.5064
design_1,design_1_seq5,OK,17.3827,17.3827,151,151,9.902,38.1676
design_1,design_1_seq6,OK,19.1873,19.1873,151,151,5.2308,43.0994
design_1,design_1_seq7,OK,19.865,19.865,151,151,10.7706,63.258
design_1,design_1_seq8,OK,11.81,0.531,4,151,5.3356,56.2542
design_2,design_2_seq1,OK,4.6456,0.9336,54,148,5.8004,70.5971
design_2,design_2_seq2,OK,4.7578,0.8429,63,148,8.7315,67.1022
design_2,design_2_seq3,OK,4.6005,0.8572,41,148,7.7872,67.2135
design_2,design_2_seq4,OK,5.364,0.7082,9,148,7.4594,65.1427
design_2,design_2_seq5,OK,4.8583,1.3101,39,148,5.3202,58.9693
design_2,design_2_seq6,OK,13.3215,13.3215,148,148,8.3764,60.9875
design_2,design_2_seq7,OK,21.1293,21.1293,148,148,16.3067,41.5425
design_2,design_2_seq8,OK,4.7184,0.8903,43,148,5.883,71.0027
design_3,design_3_seq1,OK,2.2624,1.0447,91,143,2.3836,72.9168
design_3,design_3_seq2,OK,3.1158,1.0474,85,143,6.5606,79.16
design_3,design_3_seq3,OK,2.7526,0.9017,93,143,5.9852,70.2707
design_3,design_3_seq4,OK,1.5327,0.9979,124,143,1.6251,88.0238
design_3,design_3_seq5,OK,1.4456,0.9049,128,143,1.1356,88.3888
design_3,design_3_seq6,OK,1.2925,0.9627,128,143,1.4133,85.2206
design_3,design_3_seq7,OK,1.3582,0.9108,119,143,1.3916,84.3407
design_3,design_3_seq8,OK,1.3677,0.9813,133,143,1.3993,82.1468
design_4,design_4_seq1,OK,7.9742,0.511,34,152,6.9997,71.449
design_4,design_4_seq2,OK,14.3911,14.3911,152,152,17.2251,43.8712
design_4,design_4_seq3,OK,13.5523,13.5523,152,152,11.3801,52.3449
design_4,design_4_seq4,OK,16.2894,16.2894,152,152,15.353,43.7059
design_4,design_4_seq5,OK,8.3403,0.9541,9,152,6.5859,44.1976
design_4,design_4_seq6,OK,15.0919,15.0919,152,152,15.652,50.864
design_4,design_4_seq7,OK,15.6524,15.6524,152,152,16.6381,42.1297
design_4,design_4_seq8,OK,14.5455,14.5455,152,152,4.7249,45.2563
design_5,design_5_seq1,OK,21.6002,21.6002,141,141,11.1448,36.5623
design_5,design_5_seq2,OK,23.6659,23.6659,141,141,7.8543,40.1252
design_5,design_5_seq3,OK,14.8737,14.8737,141,141,2.9689,39.6783
design_5,design_5_seq4,OK,16.4729,16.4729,141,141,1.6924,55.5695
design_5,design_5_seq5,OK,16.0678,16.0678,141,141,5.956,40.6379
design_5,design_5_seq6,OK,23.8652,1.0055,3,141,2.29,44.798
design_5,design_5_seq7,OK,22.4458,22.4458,141,141,5.0313,39.3221
design_5,design_5_seq8,OK,19.0834,19.0834,141,141,8.8706,38.9093
design_6,design_6_seq1,OK,18.3687,18.3687,147,147,10.0191,45.413
design_6,design_6_seq2,OK,14.9451,14.9451,147,147,9.7699,43.0548
design_6,design_6_seq3,OK,14.7243,14.7243,147,147,14.8672,53.1102
design_6,design_6_seq4,OK,19.679,19.679,147,147,9.9955,44.738
design_6,design_6_seq5,OK,9.2569,9.2569,147,147,8.5036,46.4983
design_6,design_6_seq6,OK,16.4049,16.4049,147,147,15.0115,39.6835
design_6,design_6_seq7,OK,16.0401,16.0401,147,147,5.7721,46.3176
design_6,design_6_seq8,OK,17.4207,17.4207,147,147,12.6201,41.2121
design_7,design_7_seq1,OK,16.3306,16.3306,136,136,21.3418,46.9471
design_7,design_7_seq2,OK,15.0335,0.3541,7,136,11.3747,54.0283
design_7,design_7_seq3,OK,14.3732,14.3732,136,136,11.7851,57.9629
design_7,design_7_seq4,OK,8.6182,0.9264,16,136,10.9676,49.1943
design_7,design_7_seq5,OK,11.057,0.2301,7,136,8.379,59.5366
design_7,design_7_seq6,OK,8.4113,0.9327,46,136,11.5412,46.9974
design_7,design_7_seq7,OK,14.8194,14.8194,136,136,14.0927,41.6792
design_7,design_7_seq8,OK,8.066,1.1466,14,136,12.2939,59.8437
design_8,design_8_seq1,OK,9.8422,1.0682,10,142,2.4393,66.6394
design_8,design_8_seq2,OK,14.4521,14.4521,142,142,10.993,50.5686
design_8,design_8_seq3,OK,6.9113,0.8812,6,142,2.2775,56.1122
design_8,design_8_seq4,OK,18.1596,18.1596,142,142,7.798,59.1085
design_8,design_8_seq5,OK,14.2593,14.2593,142,142,6.6643,55.6746
design_8,design_8_seq6,OK,9.962,9.962,142,142,3.9527,53.0474
design_8,design_8_seq7,OK,9.1801,0.737,16,142,3.2488,57.9293
design_8,design_8_seq8,OK,7.4636,0.7386,10,142,4.4413,59.0806
design_9,design_9_seq1,OK,18.5519,18.5519,135,135,11.8504,44.5112
design_9,design_9_seq2,OK,20.2154,20.2154,135,135,12.3177,45.0878
design_9,design_9_seq3,OK,20.6987,20.6987,135,135,13.9956,48.9429
design_9,design_9_seq4,OK,16.2998,16.2998,135,135,10.6408,46.805
design_9,design_9_seq5,OK,17.7827,17.7827,135,135,13.5523,49.2793
design_9,design_9_seq6,OK,17.7382,17.7382,135,135,10.4508,45.0328
design_9,design_9_seq7,OK,17.8224,17.8224,135,135,15.2298,47.1877
design_9,design_9_seq8,OK,19.7065,19.7065,135,135,10.4973,47.328
